{"cameraMode":{"drawMode":0,"name":"Shaded","section":"Shading Mode"},"sceneLighting":false,"audioPlay":false,"sceneViewState":{"showFog":true,"showMaterialUpdate":false,"showSkybox":false,"showFlares":true,"showImageEffects":true,"showParticleSystems":true},"in2DMode":false,"pivot":{"x":0.0,"y":0.21527305245399476,"z":-0.025213390588760377},"rotation":{"x":-0.016889965161681176,"y":-0.983103334903717,"z":0.12633930146694184,"w":-0.13142338395118714},"size":2.1084401607513429,"orthographic":false}