{"cameraMode":{"drawMode":0,"name":"Shaded","section":"Shading Mode"},"sceneLighting":false,"audioPlay":false,"sceneViewState":{"showFog":true,"showMaterialUpdate":false,"showSkybox":false,"showFlares":true,"showImageEffects":true,"showParticleSystems":true},"in2DMode":false,"pivot":{"x":-2.467134475708008,"y":-0.6614026427268982,"z":2.059684991836548},"rotation":{"x":0.10221310704946518,"y":-0.6811179518699646,"z":0.09689541906118393,"w":0.7185075283050537},"size":3.5125818252563478,"orthographic":false}