{"cameraMode":{"drawMode":0,"name":"Shaded","section":"Shading Mode"},"sceneLighting":false,"audioPlay":false,"sceneViewState":{"showFog":true,"showMaterialUpdate":false,"showSkybox":false,"showFlares":true,"showImageEffects":true,"showParticleSystems":true},"in2DMode":false,"pivot":{"x":562.0477294921875,"y":219.10952758789063,"z":-28.43505859375},"rotation":{"x":-0.00006183617369970307,"y":-0.9977072477340698,"z":0.0677587240934372,"w":-0.0008919017273001373},"size":800.4246826171875,"orthographic":false}