{"cameraMode":{"drawMode":0,"name":"Shaded","section":"Shading Mode"},"sceneLighting":false,"audioPlay":false,"sceneViewState":{"showFog":true,"showMaterialUpdate":false,"showSkybox":false,"showFlares":true,"showImageEffects":true,"showParticleSystems":true},"in2DMode":false,"pivot":{"x":6.292884349822998,"y":1.2673548460006714,"z":-28.6666316986084},"rotation":{"x":-0.016440927982330323,"y":0.9828997254371643,"z":-0.14735254645347596,"w":-0.10954788327217102},"size":3.7577264308929445,"orthographic":false}