{"cameraMode":{"drawMode":0,"name":"Shaded","section":"Shading Mode"},"sceneLighting":true,"audioPlay":false,"sceneViewState":{"showFog":true,"showMaterialUpdate":false,"showSkybox":true,"showFlares":true,"showImageEffects":true,"showParticleSystems":true},"in2DMode":false,"pivot":{"x":22.3930721282959,"y":3.975477695465088,"z":-29.27909278869629},"rotation":{"x":-0.36413174867630007,"y":-0.060003429651260379,"z":0.023548178374767305,"w":-0.9291400909423828},"size":53.12822341918945,"orthographic":false}